{
"lengthUnit": "mil",
"remark": [],
"components": {
	"fields": ["COMPONENT_NO", "COMPONENT_NAME", "LAYER", "X_COORDINATE", "Y_COORDINATE", "ANGLE"],
	"rows": [
		[1, "CN1", "T", 393.7008, 393.7008, 0]
	]
},
"pins": {
	"fields": ["PIN_NO", "PIN_NAME", "PIN_X", "PIN_Y", "LAYER", "PIN_TYPE", "NET_NAME", "NET_TYPE", "PAD_SHAPE", "PAD_SIZEX", "PAD_SIZEY", "HOLE_SIZE", "HOLE_LEN", "PAD_ANGLE"],
	"rows": [
		[1, "CN1_1", 295.2758, 393.7008, "T", "DIP", "NET_1", "", "C", 98.425, 98.425, 70.866, 70.866, 0],
		[2, "CN1_1", 295.2758, 393.7008, "B", "DIP", "NET_1", "", "C", 98.425, 98.425, 70.866, 70.866, 0],
		[3, "CN1_2", 492.1258, 393.7008, "T", "DIP", "NET_2", "", "C", 98.425, 98.425, 70.866, 70.866, 0],
		[4, "CN1_2", 492.1258, 393.7008, "B", "DIP", "NET_2", "", "C", 98.425, 98.425, 70.866, 70.866, 0]
	]
}
}